[
    {
        "id": 1,
        "name":" Fresh-Orange",
        "price": 200Rs,
        "image": "image/product-1.png"
    },
    {
        "id": 2,
        "name":" Fresh-Onion",
        "price": 250,
        "image": "image/product-2.png"
    },
    {
        "id": 3,
        "name":" Cabbage",
        "price": 290,
        "image": "image/product-3.png"
    },
    {
        "id": 4,
        "name":" Fresh-Meat",
        "price": 200,
        "image": "image/product-4.png"
    },
    {
        "id": 5,
        "name":" Avacado",
        "price": 300,
        "image": "image/product-5.png"
    },
    {
        "id": 6,
        "name":" Carrot",
        "price": 200,
        "image": "image/product-6.png"
    },
    {
        "id": 7,
        "name":" Lemon",
        "price": 200,
        "image": "image/product-7.png"
    },
    {
        "id": 8,
        "name":" Bananan",
        "price": 200,
        "image": "image/product-8.png"
    }

]